<?xml version="1.0" encoding="UTF-8" standalone="yes"?>
<addon id="plugin.video.mstfywizard" name="MSTFY Wizard" version="1.0.0" provider-name="mstfy">
  <requires>
    <import addon="xbmc.python" version="2.1.0"/>
  </requires>
  <extension point="xbmc.python.pluginsource" library="default.py">
        <provides>video executable</provides>
  </extension>
  <extension point="xbmc.addon.metadata">
    <summary lang="en">MSTFY Wizard</summary>
    <description lang="en">Private Installer Addon</description>
	<website>http://repo.mstfyrepo.com</website>
    <platform>all</platform>
  </extension>
</addon>
